-- phpMyAdmin SQL Dump
-- version 5.0.4
-- https://www.phpmyadmin.net/
--
-- Servidor: localhost:3306
-- Tiempo de generación: 11-01-2024 a las 20:59:38
-- Versión del servidor: 5.7.24
-- Versión de PHP: 7.4.16

SET SQL_MODE = "NO_AUTO_VALUE_ON_ZERO";
START TRANSACTION;
SET time_zone = "+00:00";


/*!40101 SET @OLD_CHARACTER_SET_CLIENT=@@CHARACTER_SET_CLIENT */;
/*!40101 SET @OLD_CHARACTER_SET_RESULTS=@@CHARACTER_SET_RESULTS */;
/*!40101 SET @OLD_COLLATION_CONNECTION=@@COLLATION_CONNECTION */;
/*!40101 SET NAMES utf8mb4 */;

--
-- Base de datos: `talita`
--

-- --------------------------------------------------------

--
-- Estructura de tabla para la tabla `cart_items`
--

CREATE TABLE `cart_items` (
  `cart_item_id` int(11) NOT NULL,
  `cart_id` int(11) DEFAULT NULL,
  `menu_id` int(11) DEFAULT NULL,
  `user_id` int(11) DEFAULT NULL,
  `cantidad` int(11) DEFAULT NULL,
  `added_at` timestamp NOT NULL DEFAULT CURRENT_TIMESTAMP
) ENGINE=InnoDB DEFAULT CHARSET=utf8;

--
-- Volcado de datos para la tabla `cart_items`
--

INSERT INTO `cart_items` (`cart_item_id`, `cart_id`, `menu_id`, `user_id`, `cantidad`, `added_at`) VALUES
(3, NULL, 15, 29, 2, '2023-09-16 00:44:15'),
(4, NULL, NULL, NULL, NULL, '2023-09-16 00:46:35'),
(5, NULL, NULL, NULL, NULL, '2023-09-16 00:47:14'),
(6, NULL, NULL, NULL, NULL, '2023-09-16 00:49:11'),
(7, NULL, NULL, NULL, NULL, '2023-09-16 00:49:54'),
(8, NULL, 15, 29, 1, '2023-09-16 00:50:39'),
(9, NULL, 15, 29, 1, '2023-09-16 00:50:54'),
(10, NULL, 15, 29, 1, '2023-09-16 17:50:33'),
(11, NULL, 15, 29, 1, '2023-09-16 18:40:21'),
(12, NULL, 18, 29, 1, '2023-09-16 19:55:50'),
(13, NULL, 18, 29, 1, '2023-09-17 17:10:29'),
(14, NULL, 18, 29, 1, '2023-09-17 19:05:04'),
(15, NULL, 13, 29, 1, '2023-09-17 19:22:16'),
(16, NULL, 13, 29, 1, '2023-09-17 19:22:22'),
(17, NULL, 13, 29, 1, '2023-09-17 19:22:22'),
(18, NULL, 13, 29, 1, '2023-09-17 19:22:22'),
(19, NULL, 13, 29, 1, '2023-09-17 19:22:22'),
(20, NULL, 13, 29, 1, '2023-09-17 19:28:06'),
(21, NULL, 13, 29, 1, '2023-09-17 19:45:26'),
(22, NULL, 14, 29, 1, '2023-09-17 19:46:04'),
(23, NULL, 14, 29, 1, '2023-09-17 19:46:31'),
(24, NULL, 14, 29, 1, '2023-09-17 19:46:32'),
(25, NULL, 14, 29, 1, '2023-09-17 19:46:32'),
(26, NULL, 14, 29, 1, '2023-09-17 19:46:32'),
(27, NULL, 14, 29, 1, '2023-09-17 19:55:15'),
(28, NULL, 14, 29, 1, '2023-09-17 19:55:34'),
(29, NULL, 14, 29, 1, '2023-09-17 20:22:27'),
(30, NULL, 14, 29, 1, '2023-09-17 20:22:38'),
(31, NULL, 14, 29, 1, '2023-09-17 20:30:09'),
(32, NULL, 14, 29, 1, '2023-09-17 20:30:25'),
(33, NULL, 14, 29, 1, '2023-09-17 20:31:07'),
(34, NULL, 14, 29, 1, '2023-09-17 20:31:29'),
(35, NULL, 14, 29, 1, '2023-09-17 20:33:01'),
(36, NULL, 14, 29, 1, '2023-09-17 20:43:40'),
(37, NULL, 14, 29, 1, '2023-09-17 20:43:47'),
(38, NULL, 14, 29, 1, '2023-09-17 20:44:00'),
(39, NULL, 14, 29, 1, '2023-09-17 20:44:13'),
(40, NULL, 13, 29, 1, '2023-09-17 20:45:08'),
(41, NULL, 13, 29, 1, '2023-09-17 20:45:19'),
(42, NULL, 15, 29, 1, '2023-09-18 00:08:34'),
(43, NULL, 14, 29, 1, '2023-09-18 00:26:36'),
(44, NULL, 14, 29, 1, '2023-09-18 00:27:30'),
(45, NULL, 14, 29, 1, '2023-09-18 00:27:32'),
(46, NULL, 14, 29, 1, '2023-09-18 00:27:51'),
(47, NULL, 15, 29, 1, '2023-09-18 00:28:14'),
(48, NULL, 13, 29, 1, '2023-09-18 00:28:24'),
(49, NULL, 14, 29, 1, '2023-09-18 05:01:59'),
(50, NULL, 14, 29, 1, '2023-09-18 05:10:21'),
(51, NULL, 14, 29, 1, '2023-09-18 05:10:23'),
(52, NULL, 15, 29, 1, '2023-09-18 05:12:48'),
(53, NULL, 15, 29, 1, '2023-09-18 05:12:50'),
(54, NULL, 13, 29, 1, '2023-09-18 05:13:06'),
(55, NULL, 15, 29, 1, '2023-09-18 05:16:15'),
(56, NULL, 15, 29, 1, '2023-09-18 05:17:37'),
(57, NULL, 15, 29, 1, '2023-09-18 05:26:08'),
(58, NULL, 15, 29, 1, '2023-09-18 05:26:10'),
(59, NULL, 15, 29, 1, '2023-09-18 05:26:10'),
(60, NULL, 15, 29, 1, '2023-09-18 05:26:10'),
(61, NULL, 16, 29, 1, '2023-09-18 05:26:13'),
(62, NULL, 16, 29, 1, '2023-09-18 05:26:14'),
(63, NULL, 16, 29, 1, '2023-09-18 05:26:14'),
(64, NULL, 14, 29, 1, '2023-09-18 05:26:36'),
(65, NULL, 15, 29, 1, '2023-09-18 05:27:09'),
(66, NULL, 15, 29, 1, '2023-09-18 05:27:26'),
(67, NULL, 15, 29, 1, '2023-09-18 05:28:12'),
(68, NULL, 15, 29, 1, '2023-09-18 05:28:49'),
(69, NULL, 15, 29, 1, '2023-09-18 05:29:37'),
(70, NULL, 15, 29, 1, '2023-09-18 05:29:57'),
(71, NULL, 15, 29, 1, '2023-09-18 05:32:13'),
(72, NULL, 14, 29, 1, '2023-09-18 05:32:27'),
(73, NULL, 15, 29, 1, '2023-09-18 05:32:35'),
(74, NULL, 16, 29, 1, '2023-09-18 05:32:39'),
(75, NULL, 18, 29, 1, '2023-09-18 05:32:42'),
(76, NULL, 16, 29, 1, '2023-09-18 14:48:19'),
(77, NULL, 15, 29, 1, '2023-09-18 19:16:46'),
(78, NULL, 15, 29, 1, '2023-09-18 19:16:57'),
(79, NULL, 15, 29, 1, '2023-09-18 19:16:57'),
(80, NULL, 14, 29, 1, '2023-09-18 21:50:37'),
(81, NULL, 14, 29, 1, '2023-09-18 21:50:42'),
(82, NULL, 15, 29, 1, '2023-09-18 21:50:59'),
(83, NULL, 16, 29, 1, '2023-09-18 22:10:05'),
(84, NULL, 13, 29, 1, '2023-09-18 22:15:42'),
(85, NULL, 13, 29, 1, '2023-09-18 22:15:47'),
(86, NULL, 14, 29, 1, '2023-09-18 22:17:59'),
(87, NULL, 14, 29, 1, '2023-09-18 22:18:00'),
(88, NULL, 14, 29, 1, '2023-09-18 22:18:00'),
(89, NULL, 15, 29, 1, '2023-09-18 22:31:00'),
(90, NULL, 15, 29, 1, '2023-09-18 22:31:09'),
(91, NULL, 14, 29, 1, '2023-09-18 22:32:01'),
(92, NULL, 14, 29, 1, '2023-09-18 22:32:59'),
(93, NULL, 14, 29, 1, '2023-09-18 22:34:06'),
(94, NULL, 17, 29, 1, '2023-09-18 22:36:30'),
(95, NULL, 15, 29, 1, '2023-09-19 00:27:46'),
(96, NULL, 15, 29, 1, '2023-09-19 01:20:14'),
(97, NULL, 16, 29, 1, '2023-09-19 01:36:13'),
(98, NULL, 17, 29, 1, '2023-09-19 01:36:16'),
(99, NULL, 13, 29, 1, '2023-09-19 01:36:18'),
(100, NULL, 13, 29, 1, '2023-09-19 01:36:42'),
(101, NULL, 16, 29, 1, '2023-09-19 01:36:45'),
(102, NULL, 15, 29, 1, '2023-09-19 01:36:47'),
(103, NULL, 15, 29, 1, '2023-09-19 01:36:49'),
(104, NULL, 15, 29, 1, '2023-09-19 01:36:50'),
(105, NULL, 15, 29, 1, '2023-09-19 01:36:50'),
(106, NULL, 15, 29, 1, '2023-09-19 01:36:50'),
(107, NULL, 15, 29, 1, '2023-09-19 01:36:50'),
(108, NULL, 15, 29, 1, '2023-09-19 01:36:50'),
(109, NULL, 14, 29, 1, '2023-09-19 01:37:11'),
(110, NULL, 14, 29, 1, '2023-09-19 04:37:40'),
(111, NULL, 14, 29, 1, '2023-09-19 05:47:01'),
(112, NULL, 14, 29, 1, '2023-09-19 05:47:36'),
(113, NULL, 14, 29, 1, '2023-09-19 05:47:40'),
(114, NULL, 19, 29, 1, '2023-09-19 14:59:19'),
(115, NULL, 19, 29, 1, '2023-09-19 14:59:21'),
(116, NULL, 19, 29, 1, '2023-09-19 15:00:57'),
(117, NULL, 15, 29, 1, '2023-09-19 15:07:46'),
(118, NULL, 15, 29, 1, '2023-09-19 15:08:23'),
(119, NULL, 14, 29, 1, '2023-09-19 16:18:16'),
(120, NULL, 14, 29, 1, '2023-09-19 16:59:01'),
(121, NULL, 14, 29, 1, '2023-09-19 16:59:11'),
(122, NULL, 13, 29, 1, '2023-09-19 17:00:35'),
(123, NULL, 14, 29, 1, '2023-09-19 17:19:10'),
(124, NULL, 15, 29, 1, '2023-09-19 17:23:20'),
(125, NULL, 16, 29, 1, '2023-09-19 18:06:15'),
(126, NULL, 16, 29, 1, '2023-09-19 18:57:54'),
(127, NULL, 16, 29, 1, '2023-09-19 21:26:18'),
(128, NULL, 16, 29, 1, '2023-09-19 21:30:59'),
(129, NULL, 18, 29, 1, '2023-09-19 21:43:00'),
(130, NULL, 18, 29, 1, '2023-09-19 21:43:02'),
(131, NULL, 18, 29, 1, '2023-09-19 21:43:02'),
(132, NULL, 14, 29, 1, '2023-09-21 23:44:46'),
(133, NULL, 13, 29, 1, '2023-09-22 14:11:42'),
(134, NULL, 13, 29, 1, '2023-09-22 14:11:47'),
(135, NULL, 13, 29, 1, '2023-09-22 16:30:19'),
(136, NULL, 14, 29, 1, '2023-09-22 17:30:10'),
(137, NULL, 19, 29, 1, '2023-09-22 20:04:17'),
(138, NULL, 15, 29, 1, '2023-09-22 23:32:58'),
(139, NULL, 15, 29, 1, '2023-09-22 23:32:59'),
(140, NULL, 15, 29, 1, '2023-09-22 23:32:59'),
(141, NULL, 15, 29, 1, '2023-09-22 23:32:59'),
(142, NULL, 15, 29, 1, '2023-09-22 23:32:59'),
(143, NULL, 15, 29, 1, '2023-09-22 23:32:59'),
(144, NULL, 18, 29, 1, '2023-09-22 23:33:06'),
(145, NULL, 19, 29, 1, '2023-09-22 23:33:08'),
(146, NULL, 16, 29, 1, '2023-09-22 23:33:10'),
(147, NULL, 17, 29, 1, '2023-09-22 23:33:13'),
(148, NULL, 17, 29, 1, '2023-09-22 23:33:14'),
(149, NULL, 15, 29, 1, '2023-09-23 03:30:21'),
(150, NULL, 17, 29, 1, '2023-09-23 03:30:30'),
(151, NULL, 17, 29, 1, '2023-09-23 03:30:31'),
(152, NULL, 17, 29, 1, '2023-09-23 03:30:32'),
(153, NULL, 17, 29, 1, '2023-09-23 03:30:32'),
(154, NULL, 17, 29, 1, '2023-09-23 03:30:32'),
(155, NULL, 14, 29, 1, '2023-09-23 03:30:34'),
(156, NULL, 14, 29, 1, '2023-09-23 03:30:34'),
(157, NULL, 14, 29, 1, '2023-09-23 03:30:35'),
(158, NULL, 14, 29, 1, '2023-09-23 03:30:35'),
(159, NULL, 14, 29, 1, '2023-09-23 03:30:35'),
(160, NULL, 14, 29, 1, '2023-09-23 03:30:35'),
(161, NULL, 14, 29, 1, '2023-09-23 03:30:35'),
(162, NULL, 13, 29, 1, '2023-09-23 03:30:37'),
(163, NULL, 13, 29, 1, '2023-09-23 03:30:38'),
(164, NULL, 13, 29, 1, '2023-09-23 03:30:38'),
(165, NULL, 18, 29, 1, '2023-09-23 15:33:15'),
(166, NULL, 18, 29, 1, '2023-09-23 15:33:16'),
(167, NULL, 18, 29, 1, '2023-09-23 15:33:16'),
(168, NULL, 18, 29, 1, '2023-09-23 15:33:16'),
(169, NULL, 18, 29, 1, '2023-09-23 15:33:16'),
(170, NULL, 18, 29, 1, '2023-09-23 15:33:16'),
(171, NULL, 18, 29, 1, '2023-09-23 15:33:17'),
(172, NULL, 14, 29, 1, '2023-09-23 15:33:19'),
(173, NULL, 14, 29, 1, '2023-09-23 15:33:19'),
(174, NULL, 14, 29, 1, '2023-09-23 15:33:19'),
(175, NULL, 16, 29, 1, '2023-09-23 15:33:21'),
(176, NULL, 16, 29, 1, '2023-09-23 15:33:22'),
(177, NULL, 16, 29, 1, '2023-09-23 15:33:22'),
(178, NULL, 16, 29, 1, '2023-09-23 15:33:22'),
(179, NULL, 16, 29, 1, '2023-09-23 15:33:22'),
(180, NULL, 16, 29, 1, '2023-09-24 03:25:04'),
(181, NULL, 16, 29, 1, '2023-09-24 03:25:05'),
(182, NULL, 19, 29, 1, '2023-09-24 20:06:05'),
(183, NULL, 19, 29, 1, '2023-09-24 20:06:07'),
(184, NULL, 19, 29, 1, '2023-09-24 20:06:16'),
(185, NULL, 19, 29, 1, '2023-09-24 20:06:16'),
(186, NULL, 18, 29, 1, '2023-09-24 20:47:40'),
(187, NULL, 15, 29, 1, '2023-09-24 21:07:39'),
(188, NULL, 15, 29, 1, '2023-09-24 21:09:12'),
(189, NULL, 15, 29, 1, '2023-09-24 21:09:12'),
(190, NULL, 15, 29, 1, '2023-09-24 21:09:12'),
(191, NULL, 15, 29, 1, '2023-09-24 21:26:28'),
(192, NULL, 14, 29, 1, '2023-09-24 21:49:04'),
(193, NULL, 14, 29, 1, '2023-09-24 21:49:04'),
(194, NULL, 14, 29, 1, '2023-09-24 22:33:10'),
(195, NULL, 16, 29, 1, '2023-09-24 22:53:27'),
(196, NULL, 15, 29, 1, '2023-09-24 22:54:15'),
(197, NULL, 15, 29, 1, '2023-09-24 22:54:16'),
(198, NULL, 15, 29, 1, '2023-09-24 22:54:16'),
(199, NULL, 13, 29, 1, '2023-09-24 22:54:30'),
(200, NULL, 13, 29, 1, '2023-09-24 22:54:31'),
(201, NULL, 13, 29, 1, '2023-09-24 22:54:31'),
(202, NULL, 13, 29, 1, '2023-09-24 22:54:31'),
(203, NULL, 20, 29, 1, '2023-09-24 23:03:58'),
(204, NULL, 13, 29, 1, '2023-09-24 23:05:23'),
(205, NULL, 14, 29, 1, '2023-09-25 03:12:38'),
(206, NULL, 15, 29, 1, '2023-09-25 03:29:07'),
(207, NULL, 15, 29, 1, '2023-09-25 03:29:14'),
(208, NULL, 15, 29, 1, '2023-09-25 03:29:15'),
(209, NULL, 15, 29, 1, '2023-09-25 03:29:15'),
(210, NULL, 15, 29, 1, '2023-09-25 03:29:15'),
(211, NULL, 15, 29, 1, '2023-09-25 03:29:15'),
(212, NULL, 15, 29, 1, '2023-09-25 03:29:15'),
(213, NULL, 15, 29, 1, '2023-09-25 03:29:15'),
(214, NULL, 15, 29, 1, '2023-09-25 03:29:15'),
(215, NULL, 15, 29, 1, '2023-09-25 03:29:15'),
(216, NULL, 15, 29, 1, '2023-09-25 03:29:16'),
(217, NULL, 15, 29, 1, '2023-09-25 03:29:16'),
(218, NULL, 15, 29, 1, '2023-09-25 03:29:16'),
(219, NULL, 15, 29, 1, '2023-09-25 03:29:16'),
(220, NULL, 15, 29, 1, '2023-09-25 03:29:16'),
(221, NULL, 13, 29, 1, '2023-09-25 03:42:01'),
(222, NULL, 13, 29, 1, '2023-09-25 03:42:07'),
(223, NULL, 19, 29, 1, '2023-09-25 03:57:18'),
(224, NULL, 19, 29, 1, '2023-09-25 03:57:22'),
(225, NULL, 19, 29, 1, '2023-09-25 03:57:22'),
(226, NULL, 19, 29, 1, '2023-09-25 03:57:22'),
(227, NULL, 19, 29, 1, '2023-09-25 03:57:23'),
(228, NULL, 19, 29, 1, '2023-09-25 03:57:23'),
(229, NULL, 19, 29, 1, '2023-09-25 03:57:23'),
(230, NULL, 19, 29, 1, '2023-09-25 03:57:23'),
(231, NULL, 19, 29, 1, '2023-09-25 03:57:23'),
(232, NULL, 18, 29, 1, '2023-09-25 23:43:19'),
(233, NULL, 18, 29, 1, '2023-09-25 23:43:33'),
(234, NULL, 18, 29, 1, '2023-09-25 23:43:34'),
(235, NULL, 18, 29, 1, '2023-09-25 23:43:34'),
(236, NULL, 18, 29, 1, '2023-09-25 23:43:34'),
(237, NULL, 18, 29, 1, '2023-09-25 23:43:34'),
(238, NULL, 18, 29, 1, '2023-09-25 23:43:36'),
(239, NULL, 14, 29, 1, '2023-09-26 02:01:10'),
(240, NULL, 14, 29, 1, '2023-09-26 02:01:10'),
(241, NULL, 18, 29, 1, '2023-09-26 23:07:25'),
(242, NULL, 18, 29, 1, '2023-09-26 23:07:28'),
(243, NULL, 18, 29, 1, '2023-09-26 23:07:28'),
(244, NULL, 18, 29, 1, '2023-09-26 23:07:31'),
(245, NULL, 18, 29, 1, '2023-09-26 23:07:31'),
(246, NULL, 18, 29, 1, '2023-09-26 23:07:31'),
(247, NULL, 18, 29, 1, '2023-09-26 23:07:32'),
(248, NULL, 15, 29, 1, '2023-09-29 00:17:30'),
(249, NULL, 15, 29, 1, '2023-09-29 00:17:31'),
(250, NULL, 15, 29, 1, '2023-09-29 00:17:32'),
(251, NULL, 15, 29, 1, '2023-09-29 00:17:32'),
(252, NULL, 15, 29, 1, '2023-09-29 00:17:33'),
(253, NULL, 15, 29, 1, '2023-09-29 00:17:43'),
(254, NULL, 15, 29, 1, '2023-09-29 00:17:43'),
(255, NULL, 15, 29, 1, '2023-09-29 00:17:43'),
(256, NULL, 15, 29, 1, '2023-09-29 00:17:44'),
(257, NULL, 15, 29, 1, '2023-09-29 00:17:44'),
(258, NULL, 15, 29, 1, '2023-09-29 00:17:44'),
(259, NULL, 15, 29, 1, '2023-09-29 00:17:44'),
(260, NULL, 15, 29, 1, '2023-09-29 00:17:44'),
(261, NULL, 15, 29, 1, '2023-09-29 00:17:45'),
(262, NULL, 15, 29, 1, '2023-09-29 22:16:54'),
(263, NULL, 15, 29, 1, '2023-09-29 22:16:54'),
(264, NULL, 15, 29, 1, '2023-09-29 22:16:54'),
(265, NULL, 15, 29, 1, '2023-09-29 22:16:54'),
(266, NULL, 15, 29, 1, '2023-09-29 22:16:54'),
(267, NULL, 15, 29, 1, '2023-09-29 22:16:55'),
(268, NULL, 15, 29, 1, '2023-09-29 22:16:55'),
(269, NULL, 15, 29, 1, '2023-09-29 22:16:55'),
(270, NULL, 15, 29, 1, '2023-09-29 22:16:55'),
(271, NULL, 15, 29, 1, '2023-09-29 22:16:55'),
(272, NULL, 15, 29, 1, '2023-09-29 22:16:55'),
(273, NULL, 15, 29, 1, '2023-09-29 22:16:56'),
(274, NULL, 15, 29, 1, '2023-09-29 22:16:56'),
(275, NULL, 14, 29, 1, '2023-09-30 18:00:00'),
(276, NULL, 14, 29, 1, '2023-09-30 18:00:01'),
(277, NULL, 13, 29, 1, '2023-12-02 23:00:50'),
(278, NULL, 13, 29, 1, '2023-12-02 23:00:51'),
(279, NULL, 13, 29, 1, '2023-12-02 23:00:51'),
(280, NULL, 16, 29, 1, '2023-12-02 23:01:30'),
(281, NULL, 14, 29, 1, '2024-01-04 00:07:14'),
(282, NULL, 14, 29, 1, '2024-01-04 00:07:31'),
(283, NULL, 13, 29, 1, '2024-01-04 00:07:42'),
(284, NULL, 13, 29, 1, '2024-01-04 00:07:44'),
(285, NULL, 13, 29, 1, '2024-01-04 00:07:44'),
(286, NULL, 13, 29, 1, '2024-01-04 00:07:44'),
(287, NULL, 16, 29, 1, '2024-01-04 00:07:47'),
(288, NULL, 16, 29, 1, '2024-01-04 00:07:47'),
(289, NULL, 16, 29, 1, '2024-01-04 00:07:47'),
(290, NULL, 16, 29, 1, '2024-01-04 00:07:49'),
(291, NULL, 16, 29, 1, '2024-01-04 00:07:49'),
(292, NULL, 16, 29, 1, '2024-01-04 00:07:49'),
(293, NULL, 16, 29, 1, '2024-01-04 00:07:49'),
(294, NULL, 16, 29, 1, '2024-01-04 00:07:49'),
(295, NULL, 20, 62, 1, '2024-01-06 17:25:54'),
(296, NULL, 20, 62, 1, '2024-01-06 17:26:11'),
(297, NULL, 14, 62, 1, '2024-01-06 18:07:08'),
(298, NULL, 13, 62, 1, '2024-01-06 19:06:46'),
(299, NULL, 14, 62, 1, '2024-01-07 02:45:25'),
(300, NULL, 14, 62, 1, '2024-01-07 02:45:27'),
(301, NULL, 14, 62, 1, '2024-01-07 02:45:28'),
(302, NULL, 14, 62, 1, '2024-01-07 02:45:28'),
(303, NULL, 16, 62, 1, '2024-01-07 15:04:38'),
(304, NULL, 16, 62, 1, '2024-01-07 15:04:42'),
(305, NULL, 14, 61, 1, '2024-01-07 15:58:12'),
(306, NULL, 14, 61, 1, '2024-01-07 15:58:14'),
(307, NULL, 14, 61, 1, '2024-01-07 15:58:34'),
(308, NULL, 14, 61, 1, '2024-01-07 16:07:16'),
(309, NULL, 14, 61, 1, '2024-01-07 16:07:21'),
(310, NULL, 18, 61, 1, '2024-01-07 16:07:34'),
(311, NULL, 16, 61, 1, '2024-01-07 16:35:24'),
(312, NULL, 16, 61, 1, '2024-01-07 16:35:30'),
(313, NULL, 16, 61, 1, '2024-01-07 16:37:30'),
(314, NULL, 16, 61, 1, '2024-01-07 16:38:35'),
(315, NULL, 16, 61, 1, '2024-01-07 16:40:13'),
(316, NULL, 16, 61, 1, '2024-01-07 16:41:37'),
(317, NULL, 16, 61, 1, '2024-01-07 16:44:45'),
(318, NULL, 16, 61, 1, '2024-01-07 16:44:55'),
(319, NULL, 16, 61, 1, '2024-01-07 16:45:26'),
(320, NULL, 16, 61, 1, '2024-01-07 16:45:42'),
(321, NULL, 16, 61, 1, '2024-01-07 16:45:43'),
(322, NULL, 16, 61, 1, '2024-01-07 16:46:36'),
(323, NULL, 16, 61, 4, '2024-01-07 16:47:49'),
(324, NULL, 16, 61, 4, '2024-01-07 16:48:08'),
(325, NULL, 16, 61, 4, '2024-01-07 16:48:11'),
(326, NULL, 16, 61, 4, '2024-01-07 16:48:32'),
(327, NULL, 16, 61, 4, '2024-01-07 16:48:34'),
(328, NULL, 16, 61, 7, '2024-01-07 16:57:11'),
(329, NULL, 14, 61, 1, '2024-01-07 16:58:35'),
(330, NULL, 14, 61, 1, '2024-01-07 17:01:24'),
(331, NULL, 14, 61, 1, '2024-01-07 17:01:36'),
(332, NULL, 15, 61, 1, '2024-01-07 17:01:49'),
(333, NULL, 15, 61, 1, '2024-01-07 17:02:01'),
(334, NULL, 15, 61, 1, '2024-01-07 17:07:11'),
(335, NULL, 15, 61, 1, '2024-01-07 17:07:21'),
(336, NULL, 15, 61, 1, '2024-01-07 17:07:31'),
(337, NULL, 20, 61, 1, '2024-01-07 17:07:36'),
(338, NULL, 14, 61, 1, '2024-01-07 18:41:23'),
(339, NULL, 15, 61, 1, '2024-01-07 18:41:26'),
(340, NULL, 20, 61, 1, '2024-01-07 18:41:31'),
(341, NULL, 17, 61, 1, '2024-01-07 18:41:33'),
(342, NULL, 13, 61, 1, '2024-01-07 19:12:04'),
(343, NULL, 14, 61, 1, '2024-01-07 19:12:07'),
(344, NULL, 16, 61, 1, '2024-01-07 19:12:10'),
(345, NULL, 18, 61, 1, '2024-01-07 19:12:11'),
(346, NULL, 20, 61, 1, '2024-01-07 19:12:13'),
(347, NULL, 17, 61, 1, '2024-01-07 19:12:15'),
(348, NULL, 15, 61, 1, '2024-01-07 20:28:50'),
(349, NULL, 16, 61, 1, '2024-01-07 20:28:52'),
(350, NULL, 18, 61, 1, '2024-01-07 20:28:58'),
(351, NULL, 13, 61, 1, '2024-01-07 20:29:02'),
(352, NULL, 13, 61, 1, '2024-01-07 20:32:23'),
(353, NULL, 16, 61, 1, '2024-01-07 20:32:26'),
(354, NULL, 15, 61, 1, '2024-01-07 20:32:28'),
(355, NULL, 14, 61, 1, '2024-01-07 20:32:30'),
(356, NULL, 17, 61, 1, '2024-01-07 20:32:33'),
(357, NULL, 18, 61, 1, '2024-01-07 20:32:35'),
(358, NULL, 19, 61, 1, '2024-01-07 20:32:38'),
(359, NULL, 20, 61, 1, '2024-01-07 20:32:41'),
(360, NULL, 14, 61, 1, '2024-01-08 01:20:07'),
(361, NULL, 14, 61, 1, '2024-01-08 01:20:07'),
(362, NULL, 14, 61, 1, '2024-01-08 01:20:07'),
(363, NULL, 14, 61, 1, '2024-01-08 01:20:08'),
(364, NULL, 14, 61, 1, '2024-01-08 01:20:08'),
(365, NULL, 14, 61, 1, '2024-01-08 02:19:21'),
(366, NULL, 13, 61, 1, '2024-01-09 12:50:48'),
(367, NULL, 14, 61, 1, '2024-01-11 00:44:03'),
(368, NULL, 20, 61, 1, '2024-01-11 01:29:53'),
(369, NULL, 13, 61, 1, '2024-01-11 01:30:01'),
(370, NULL, 17, 61, 1, '2024-01-11 01:30:04'),
(371, NULL, 15, 61, 1, '2024-01-11 01:30:06'),
(372, NULL, 15, 61, 1, '2024-01-11 01:30:08'),
(373, NULL, 15, 61, 1, '2024-01-11 01:30:08'),
(374, NULL, 15, 61, 1, '2024-01-11 01:30:08'),
(375, NULL, 15, 61, 1, '2024-01-11 01:30:09'),
(376, NULL, 15, 61, 1, '2024-01-11 01:30:10'),
(377, NULL, 14, 63, 1, '2024-01-11 02:22:04'),
(378, NULL, 14, 61, 1, '2024-01-11 04:53:42'),
(379, NULL, 15, 61, 1, '2024-01-11 23:32:54'),
(380, NULL, 15, 61, 1, '2024-01-11 23:32:55'),
(381, NULL, 15, 61, 1, '2024-01-11 23:32:55'),
(382, NULL, 15, 61, 1, '2024-01-11 23:32:55'),
(383, NULL, 15, 61, 1, '2024-01-11 23:32:58'),
(384, NULL, 15, 61, 1, '2024-01-11 23:32:58'),
(385, NULL, 15, 61, 1, '2024-01-11 23:32:58'),
(386, NULL, 15, 61, 1, '2024-01-11 23:32:59'),
(387, NULL, 15, 61, 1, '2024-01-11 23:32:59'),
(388, NULL, 15, 61, 1, '2024-01-11 23:32:59');

-- --------------------------------------------------------

--
-- Estructura de tabla para la tabla `categorias`
--

CREATE TABLE `categorias` (
  `id` int(11) NOT NULL,
  `nombre` varchar(100) NOT NULL,
  `svg_nombre` varchar(255) DEFAULT NULL,
  `descripcion` varchar(255) DEFAULT NULL,
  `createdAt` timestamp NOT NULL DEFAULT CURRENT_TIMESTAMP,
  `updatedAt` timestamp NOT NULL DEFAULT CURRENT_TIMESTAMP ON UPDATE CURRENT_TIMESTAMP,
  `deleted` int(11) DEFAULT NULL
) ENGINE=InnoDB DEFAULT CHARSET=utf8;

--
-- Volcado de datos para la tabla `categorias`
--

INSERT INTO `categorias` (`id`, `nombre`, `svg_nombre`, `descripcion`, `createdAt`, `updatedAt`, `deleted`) VALUES
(5, 'Fruits & Vegetables', 'Fruits', NULL, '2023-09-15 17:06:16', '2024-01-05 15:33:06', 0),
(6, 'Meat & Fish', 'Meats', NULL, '2023-09-15 17:06:16', '2024-01-05 15:33:04', 0),
(7, 'Snacks', 'Snacks', NULL, '2023-09-15 17:06:16', '2024-01-05 15:33:02', 0),
(8, 'Pet Care', 'Pet', NULL, '2023-09-15 17:06:16', '2024-01-05 15:33:03', 0),
(9, 'Home & Cleaning', 'Home', NULL, '2023-09-15 17:06:16', '2024-01-05 15:33:06', 0),
(10, 'Dairy', 'Dairy', NULL, '2023-09-15 17:06:16', '2024-01-05 15:33:08', 0),
(11, 'Cooking', 'Cooking', NULL, '2023-09-15 17:06:16', '2024-01-05 15:33:09', 0),
(12, 'Breakfast', 'Breakfast', NULL, '2023-09-15 17:06:16', '2024-01-05 15:33:10', 0),
(13, 'Beverage', 'Beverage', NULL, '2023-09-15 17:06:16', '2024-01-05 15:33:12', 0),
(14, 'Beauty & Health', 'Beauty', NULL, '2023-09-15 17:06:16', '2024-01-05 15:33:14', 0),
(15, 'Sushi', 'Sushi', 'Sushito', '2023-09-15 22:23:16', '2024-01-05 15:32:57', 0),
(16, 'qweq', NULL, 'rqwrqwr', '2024-01-05 14:42:05', '2024-01-05 15:33:21', 1),
(17, 'qweq', NULL, 'rqwrqwr', '2024-01-05 14:42:16', '2024-01-05 15:33:21', 1),
(18, 'qweq', NULL, 'rqwrqwr', '2024-01-05 14:42:16', '2024-01-05 15:33:20', 1),
(19, 'qweq', NULL, 'rqwrqwr', '2024-01-05 14:42:16', '2024-01-05 15:33:20', 1),
(20, 'qweq', NULL, 'rqwrqwr', '2024-01-05 14:42:17', '2024-01-05 15:33:19', 1),
(21, 'qweq', NULL, 'rqwrqwr', '2024-01-05 14:42:17', '2024-01-05 15:31:24', 1),
(22, 'qweq', NULL, 'rqwrqwr', '2024-01-05 14:42:17', '2024-01-05 15:31:24', 1),
(23, 'qweq', NULL, 'rqwrqwr', '2024-01-05 14:50:06', '2024-01-05 15:31:23', 1),
(24, 'asdasdasdasd', NULL, 'asdasd', '2024-01-05 15:06:54', '2024-01-05 15:31:23', 1),
(25, 'asdasdasdasd', NULL, 'asdasd', '2024-01-05 15:06:55', '2024-01-05 15:31:23', 1),
(26, 'Novelas', NULL, 'lklñ', '2024-01-05 15:23:38', '2024-01-05 15:31:23', 1),
(27, 'Novelas', NULL, 'qweqrqrqweqwe', '2024-01-05 15:24:30', '2024-01-05 15:31:23', 1),
(28, 'Novelas', NULL, 'qwrqwr', '2024-01-05 15:26:11', '2024-01-05 15:31:22', 1),
(29, 'Novelas', NULL, 'rqwrqwr', '2024-01-05 15:27:51', '2024-01-05 15:31:22', 1),
(30, 'Novelas', NULL, 'rqwrqwr', '2024-01-05 15:30:13', '2024-01-05 15:31:22', 1);

-- --------------------------------------------------------

--
-- Estructura de tabla para la tabla `clientes`
--

CREATE TABLE `clientes` (
  `id` int(11) NOT NULL,
  `nombre` varchar(255) DEFAULT NULL,
  `apellido` varchar(255) NOT NULL,
  `telefono` varchar(15) DEFAULT NULL,
  `direccion` varchar(255) DEFAULT NULL,
  `email` varchar(255) DEFAULT NULL,
  `password` varchar(255) DEFAULT NULL,
  `rut` varchar(222) DEFAULT NULL
) ENGINE=InnoDB DEFAULT CHARSET=utf8;

--
-- Volcado de datos para la tabla `clientes`
--

INSERT INTO `clientes` (`id`, `nombre`, `apellido`, `telefono`, `direccion`, `email`, `password`, `rut`) VALUES
(1, 'qwrq', 'wrqwrq', 'wrqwrq', NULL, NULL, NULL, NULL),
(2, 'qwrq', 'wrqwrq', 'wrqwrq', NULL, NULL, NULL, NULL),
(3, 'qwrq', 'wrqwrq', 'wrqwrq', NULL, NULL, NULL, NULL),
(4, 'qwrq', 'wrqwrq', 'wrqwrq', 'wr.qwr-q', NULL, NULL, NULL),
(5, 'qwrq', 'wrqwrq', 'wrqwrq', 'wr.qwr-q', NULL, NULL, NULL),
(6, 'qwrq', 'wrqwrq', 'wrqwrq', 'wr.qwr-q', NULL, NULL, NULL),
(7, 'rqwrq', 'rqwrqwr', 'wqrq', 'q.rqw-r', NULL, NULL, NULL),
(8, 'sfsdfsd', 'fsdfsdf', 'fsdfsdf', 'qrq.wrs.dfs.dfs-d', NULL, NULL, NULL),
(9, 'dasdasd', 'sadasd', 'asdasdas', 'das.das-d', NULL, NULL, NULL),
(10, 'qrqrqw', 'qwrqw', 'rqwrq', 'rqw.rqw-r', NULL, NULL, NULL),
(11, 'asdasd', 'adasd', 'adasd', 'as.das-d', NULL, NULL, NULL),
(12, 'Josbert', 'Hernandez', '940633120', 'wr.qwr-q', NULL, NULL, NULL),
(13, 'dasda', 'asfa', 'fafa', 'w.rqw.rqf.asf-a', NULL, NULL, NULL),
(14, 'qweqwe', 'qweqwe', 'qwrqwr', 'qw.rqw-r', NULL, NULL, NULL),
(15, 'asfa', 'sfasfas', 'fasfsaf', 'fa.sfs-a', NULL, NULL, NULL),
(16, 'asdasd', 'asdasd', 'adsa', 'as.das-d', NULL, NULL, NULL),
(17, 'Josbert', 'Hernandez', '940633120', '22.222-2', NULL, NULL, NULL),
(18, 'Josbert', 'Hernandez', '940633120', '27.072.336-5', NULL, NULL, NULL),
(19, 'Wendy', 'Florez', '940633120', '22.552.522-5', NULL, NULL, NULL),
(20, 'Josbert', 'Hernandez', '940633120', 'qwr.qwr.qwr.wqr-q', NULL, NULL, NULL),
(21, 'Josbert', 'Hernandez', '940633120', NULL, NULL, NULL, 'qwr.qwr.qwr.wqr-q'),
(22, 'Josbert', 'Hernandez', '940633120', NULL, NULL, NULL, '27.072.336-5'),
(23, 'Josbert', 'Hernandez', '940633120', NULL, NULL, NULL, '12.312-4'),
(24, 'Josbert', 'Hernandez', '940633120', NULL, NULL, NULL, 'q.weq-w'),
(25, 'Josbert', 'Hernandez', '940633120', NULL, NULL, NULL, 'as.das-d'),
(26, 'Josbert', 'Hernandez', '940633120', NULL, NULL, NULL, '27.072.336-5'),
(27, 'Josbert', 'Hernandez', '940633120', NULL, NULL, NULL, '12.312-4'),
(28, 'Josbert', 'Hernandez', '940633120', NULL, NULL, NULL, '2.222-2'),
(29, 'Josbert', 'Hernandez', '940633120', NULL, NULL, NULL, 'q.weq-w'),
(30, 'Josbert', 'Hernandez', '940633120', NULL, NULL, NULL, '27.072.336-5'),
(31, 'Josbert', 'Hernandez', '940633120', NULL, NULL, NULL, '12.312-4'),
(32, 'Josbert', 'Hernandez', '940633120', NULL, NULL, NULL, 'a.sds-a'),
(33, 'Josbert', 'Hernandez', '940633120', NULL, NULL, NULL, 'wr.qwr-q'),
(34, 'WEndy', 'Perez', '940633120', NULL, NULL, NULL, 'wr.qwr-q'),
(35, 'Wendycita', 'Hernandez', '940633120', NULL, NULL, NULL, '2.312-3'),
(36, 'Josbert', 'Hernandez', '940633120', NULL, NULL, NULL, '12.312-4'),
(37, 'Kei', 'Hernandez', '940633120', NULL, NULL, NULL, '27.072.336-5'),
(38, 'Josbert', 'Hernandez', '940633120', NULL, NULL, NULL, 'as.das-d'),
(39, 'Josbert', 'Hernandez', '940633120', NULL, NULL, NULL, '27.072.336-5'),
(40, 'Josbert', 'Hernandez', '940633120', NULL, NULL, NULL, 'q.weq-w'),
(41, 'Josbert', 'Hernandez', '940633120', NULL, NULL, NULL, 'as.das-d'),
(42, 'Josbert', 'Hernandez', '940633120', NULL, NULL, NULL, 'q.weq-w'),
(43, 'Josbert', 'Hernandez', '940633120', NULL, NULL, NULL, 'q.weq-w'),
(44, 'Josbert', 'Hernandez', '940633120', NULL, NULL, NULL, '12.312-4'),
(45, 'Josbert', 'Hernandez', '940633120', NULL, NULL, NULL, 'as.das-d'),
(46, 'Josbert', 'Hernandez', '940633120', NULL, NULL, NULL, 'as.das-d'),
(47, 'Josbert', 'Hernandez', '940633120', NULL, NULL, NULL, 'as.das-d'),
(48, 'Josbert', 'Hernandez', '940633120', NULL, NULL, NULL, 'wr.qwr-q'),
(49, 'Josbert', 'Hernandez', '940633120', NULL, NULL, NULL, '27.072.336-5'),
(50, 'Josbert', 'Hernandez', '940633120', NULL, NULL, NULL, '222-2'),
(51, 'Josbert', 'Hernandez', '940633120', NULL, NULL, NULL, '44-4'),
(52, 'Josbert', 'Hernandez', '940633120', NULL, NULL, NULL, '27.072.336-5'),
(53, 'Josbert', 'Hernandez', '940633120', NULL, NULL, NULL, 'as.das-d'),
(54, 'Josbert', 'Hernandez', '940633120', NULL, NULL, NULL, '27.072.336-5'),
(55, 'Josbert', 'Hernandez', '940633120', NULL, NULL, NULL, '27.072.336-5'),
(56, 'Josbert', 'Hernandez', '940633120', NULL, NULL, NULL, '27.072.336-5'),
(57, 'Josbert', 'Hernandez', '940633120', NULL, NULL, NULL, '27.072.336-5'),
(58, 'Josbert', 'Hernandez', '940633120', NULL, NULL, NULL, '27.072.336-5'),
(59, 'Josbert', 'Hernandez', '940633120', NULL, NULL, NULL, '27.072.336-5'),
(60, 'Josbert', 'Hernandez', '940633120', NULL, NULL, NULL, '12.312-4'),
(61, 'Josbert', 'Hernandez', '940633120', NULL, NULL, NULL, '27.072.336-5'),
(62, 'Josbert', 'Hernandez', '940633120', NULL, NULL, NULL, '27.072.336-5'),
(63, 'Josbert', 'Hernandez', '940633120', NULL, NULL, NULL, '27.072.336-5'),
(64, 'Josbert', 'Hernandez', '940633120', NULL, NULL, NULL, 'qw-e'),
(65, 'Josbert', 'Hernandez', '940633120', NULL, NULL, NULL, '27.072.336-5'),
(66, 'Josbert', 'Hernandez', '940633120', NULL, NULL, NULL, '2.707.233-5'),
(67, 'Josbert', 'Hernandez', '940633120', NULL, NULL, NULL, '27.072.336-5'),
(68, 'Josbert', 'Hernandez', '940633120', NULL, NULL, NULL, '27.072.336-5'),
(69, 'Josbert', 'Hernandez', '940633120', NULL, NULL, NULL, '27.072.336-5'),
(70, 'Josbert', 'Hernandez', '940633120', NULL, NULL, NULL, '27.072.336-5'),
(71, 'Josbert', 'Hernandez', '940633120', NULL, NULL, NULL, '27.072.336-5'),
(72, 'Josbert', 'Hernandez', '940633120', NULL, NULL, NULL, '27.072.336-5'),
(73, 'Josbert', 'Hernandez', '940633120', NULL, NULL, NULL, '27.072.336-5'),
(74, 'Josbert', 'Hernandez', '940633120', NULL, NULL, NULL, '27.072.336-5'),
(75, 'Josbert', 'Hernandez', '940633120', NULL, NULL, NULL, '27.072.336-5'),
(76, 'Josbert', 'Hernandez', '940633120', NULL, NULL, NULL, '27.072.336-5'),
(77, 'Josbert', 'Hernandez', '940633120', NULL, NULL, NULL, '27.072.336-5'),
(78, 'Josbert', 'Hernandez', '940633120', NULL, NULL, NULL, '27.072.336-5'),
(79, 'Josbert', 'Hernandez', '940633120', NULL, NULL, NULL, '27.072.336-5'),
(80, 'Josbert', 'Hernandez', '940633120', NULL, NULL, NULL, '27.072.336-5'),
(81, 'Josbert', 'Hernandez', '940633120', NULL, NULL, NULL, '27.072.336-5'),
(82, 'Josbert', 'Hernandez', '940633120', NULL, NULL, NULL, '27.072.336-5'),
(83, 'Josbert', 'Hernandez', '940633120', NULL, NULL, NULL, '27.072.336-5'),
(84, 'Josbert', 'Hernandez', '940633120', NULL, NULL, NULL, '27.072.336-5'),
(85, 'Josbert', 'Hernandez', '940633120', NULL, NULL, NULL, '27.072.336-5'),
(86, 'Josbert', 'Hernandez', '940633120', NULL, NULL, NULL, '27.072.336-5'),
(87, 'Josbert', 'Hernandez', '940633120', NULL, NULL, NULL, '27.072.336-5'),
(88, 'Josbert', 'Hernandez', '940633120', NULL, NULL, NULL, '27.072.336-5'),
(89, 'Josbert', 'Hernandez', '940633120', NULL, NULL, NULL, '27.072.336-5'),
(90, 'Keiber', 'Florez', '940633120', NULL, NULL, NULL, '27.072.336-5'),
(91, 'Josbert', 'Hernandez', '940633120', NULL, NULL, NULL, '27.072.336-5'),
(92, 'Josbert', 'Hernandez', '940633120', NULL, NULL, NULL, '27.072.336-5');

-- --------------------------------------------------------

--
-- Estructura de tabla para la tabla `employee`
--

CREATE TABLE `employee` (
  `id` int(11) NOT NULL,
  `name` varchar(45) DEFAULT NULL,
  `salary` int(11) DEFAULT NULL
) ENGINE=InnoDB DEFAULT CHARSET=utf8;

--
-- Volcado de datos para la tabla `employee`
--

INSERT INTO `employee` (`id`, `name`, `salary`) VALUES
(1, 'Ryan Ray', 20000),
(2, 'Joe McMillan', 40000),
(3, 'John Carter', 50000);

-- --------------------------------------------------------

--
-- Estructura de tabla para la tabla `menus`
--

CREATE TABLE `menus` (
  `id` int(11) NOT NULL,
  `categoria_id` int(11) DEFAULT NULL,
  `nombre` varchar(100) NOT NULL,
  `descripcion` varchar(255) DEFAULT NULL,
  `ingredientes` varchar(255) DEFAULT NULL,
  `precio` int(100) DEFAULT NULL,
  `precioOferta` decimal(10,2) DEFAULT NULL,
  `stock` int(11) DEFAULT NULL,
  `imagen` varchar(255) DEFAULT NULL,
  `tipo` varchar(45) DEFAULT NULL,
  `createdAt` timestamp NOT NULL DEFAULT CURRENT_TIMESTAMP,
  `updatedAt` timestamp NOT NULL DEFAULT CURRENT_TIMESTAMP ON UPDATE CURRENT_TIMESTAMP,
  `user_id` int(11) DEFAULT NULL
) ENGINE=InnoDB DEFAULT CHARSET=utf8;

--
-- Volcado de datos para la tabla `menus`
--

INSERT INTO `menus` (`id`, `categoria_id`, `nombre`, `descripcion`, `ingredientes`, `precio`, `precioOferta`, `stock`, `imagen`, `tipo`, `createdAt`, `updatedAt`, `user_id`) VALUES
(13, 14, 'We', 'rqwrqwr', NULL, 15000, NULL, NULL, 'https://res.cloudinary.com/dtas4wvbl/image/upload/v1694781895/x0xh4xnozxlppnjwx8rf.jpg', 'rqwrq', '2023-09-15 12:52:43', '2023-09-15 20:52:45', 2),
(14, 13, 'dasdasd', 'asdad', NULL, 123142, NULL, NULL, 'https://res.cloudinary.com/dtas4wvbl/image/upload/v1694812943/whj9fnpm5wezyjikdiou.jpg', '123124', '2023-09-15 21:22:23', '2023-09-15 21:22:23', 2),
(15, 15, 'Sushi 30 piezas - Nakikama', 'Sushi completo para 8 personas', NULL, 80000, NULL, NULL, 'https://res.cloudinary.com/dtas4wvbl/image/upload/v1694824216/rvgutynz100orpnx1w3o.jpg', 'Sushi', '2023-09-16 00:30:21', '2023-09-16 00:30:21', 2),
(16, 15, 'Sushi 30 piezas - Nakikama', 'Sushi completo para 8 personas', NULL, 80000, NULL, NULL, 'https://res.cloudinary.com/dtas4wvbl/image/upload/v1694824216/rvgutynz100orpnx1w3o.jpg', 'Sushi', '2023-09-16 00:30:21', '2023-09-16 00:30:21', 2),
(17, 15, 'Sushi 30 piezas - Nakikama', 'Sushi completo para 8 personas', NULL, 80000, NULL, NULL, 'https://res.cloudinary.com/dtas4wvbl/image/upload/v1694824216/rvgutynz100orpnx1w3o.jpg', 'Sushi', '2023-09-16 00:30:21', '2023-09-16 00:30:21', 2),
(18, 11, 'Sushi Wendy', 'Esto es un sushi', NULL, 15000, NULL, NULL, 'https://res.cloudinary.com/dtas4wvbl/image/upload/v1694894126/ox9gnldm9bxepd7s9hjy.png', 'Sushi', '2023-09-16 19:55:30', '2023-09-16 19:55:30', 2),
(19, 11, 'Novelas', 'rqwrqwr', NULL, 15000, NULL, NULL, 'https://res.cloudinary.com/dtas4wvbl/image/upload/v1695135553/hkcrmjgunjqlwa5y06nq.jpg', 'Sushi', '2023-09-19 14:59:14', '2023-09-19 14:59:14', 2),
(20, 15, 'Josbert', 'qwrq', NULL, 15000, NULL, NULL, 'https://res.cloudinary.com/dtas4wvbl/image/upload/v1695596633/acxemophyzd3rt0z7hyv.png', 'Sushi', '2023-09-24 23:03:54', '2023-09-24 23:03:54', 2);

-- --------------------------------------------------------

--
-- Estructura de tabla para la tabla `menu_carts`
--

CREATE TABLE `menu_carts` (
  `cart_id` int(11) NOT NULL,
  `usuario_id` int(11) DEFAULT NULL,
  `created_at` timestamp NOT NULL DEFAULT CURRENT_TIMESTAMP
) ENGINE=InnoDB DEFAULT CHARSET=utf8;

--
-- Volcado de datos para la tabla `menu_carts`
--

INSERT INTO `menu_carts` (`cart_id`, `usuario_id`, `created_at`) VALUES
(2, NULL, '2023-09-12 01:30:03'),
(3, NULL, '2023-09-12 01:30:56'),
(4, NULL, '2023-09-12 01:31:30'),
(5, NULL, '2023-09-16 00:45:49'),
(6, NULL, '2023-09-16 00:46:25'),
(7, NULL, '2023-09-16 00:46:35'),
(8, NULL, '2023-09-16 00:47:14'),
(9, NULL, '2023-09-16 00:49:11'),
(10, NULL, '2023-09-16 00:49:54'),
(11, 62, '2024-01-06 17:25:54'),
(12, 61, '2024-01-07 15:58:12'),
(13, 63, '2024-01-11 02:22:04');

-- --------------------------------------------------------

--
-- Estructura de tabla para la tabla `orderdetails`
--

CREATE TABLE `orderdetails` (
  `order_detail_id` int(11) NOT NULL,
  `order_id` int(11) NOT NULL,
  `menu_id` int(11) NOT NULL,
  `categoria_id` int(11) NOT NULL,
  `id_usuario` int(11) NOT NULL,
  `quantity` int(11) NOT NULL,
  `item_price` decimal(10,2) NOT NULL,
  `notes` text
) ENGINE=InnoDB DEFAULT CHARSET=utf8;

--
-- Volcado de datos para la tabla `orderdetails`
--

INSERT INTO `orderdetails` (`order_detail_id`, `order_id`, `menu_id`, `categoria_id`, `id_usuario`, `quantity`, `item_price`, `notes`) VALUES
(96, 97, 16, 15, 29, 1, '80000.00', NULL),
(97, 98, 13, 14, 29, 4, '15000.00', NULL),
(98, 99, 20, 15, 29, 1, '15000.00', NULL),
(99, 100, 13, 14, 29, 1, '15000.00', NULL),
(100, 100, 14, 13, 29, 1, '123142.00', NULL),
(101, 101, 15, 15, 29, 15, '80000.00', NULL),
(102, 102, 13, 14, 29, 2, '15000.00', NULL),
(103, 103, 19, 11, 29, 9, '15000.00', NULL),
(104, 104, 18, 11, 29, 7, '15000.00', NULL),
(105, 105, 14, 13, 29, 2, '123142.00', NULL),
(106, 106, 18, 11, 29, 7, '15000.00', NULL),
(107, 107, 15, 15, 29, 14, '80000.00', NULL),
(108, 108, 15, 15, 29, 13, '80000.00', NULL),
(109, 109, 14, 13, 29, 2, '123142.00', NULL),
(110, 110, 13, 14, 29, 6, '15000.00', NULL),
(111, 110, 16, 15, 29, 1, '80000.00', NULL),
(112, 111, 14, 13, 29, 2, '123142.00', NULL),
(113, 111, 13, 14, 29, 4, '15000.00', NULL),
(114, 111, 16, 15, 29, 8, '80000.00', NULL),
(115, 112, 16, 15, 62, 2, '80000.00', NULL),
(116, 113, 14, 13, 61, 3, '123142.00', NULL),
(117, 113, 18, 11, 61, 10, '15000.00', NULL),
(118, 114, 15, 15, 61, 7, '80000.00', NULL),
(119, 114, 20, 15, 61, 6, '15000.00', NULL),
(120, 115, 14, 13, 61, 1, '123142.00', NULL),
(121, 115, 15, 15, 61, 1, '80000.00', NULL),
(122, 115, 20, 15, 61, 1, '15000.00', NULL),
(123, 115, 17, 15, 61, 1, '80000.00', NULL),
(124, 116, 13, 14, 61, 1, '15000.00', NULL),
(125, 116, 14, 13, 61, 1, '123142.00', NULL),
(126, 116, 16, 15, 61, 1, '80000.00', NULL),
(127, 116, 18, 11, 61, 1, '15000.00', NULL),
(128, 116, 20, 15, 61, 1, '15000.00', NULL),
(129, 116, 17, 15, 61, 1, '80000.00', NULL),
(130, 117, 15, 15, 61, 1, '80000.00', NULL),
(131, 117, 16, 15, 61, 1, '80000.00', NULL),
(132, 117, 18, 11, 61, 1, '15000.00', NULL),
(133, 117, 13, 14, 61, 1, '15000.00', NULL),
(134, 118, 13, 14, 61, 6, '15000.00', NULL),
(135, 118, 16, 15, 61, 1, '80000.00', NULL),
(136, 118, 15, 15, 61, 1, '80000.00', NULL),
(137, 118, 14, 13, 61, 1, '123142.00', NULL),
(138, 118, 17, 15, 61, 1, '80000.00', NULL),
(139, 118, 18, 11, 61, 1, '15000.00', NULL),
(140, 118, 19, 11, 61, 1, '15000.00', NULL),
(141, 119, 14, 13, 61, 1, '123142.00', NULL),
(142, 120, 14, 13, 61, 10, '123142.00', NULL),
(143, 121, 13, 14, 61, 1, '15000.00', NULL),
(144, 122, 14, 13, 61, 10, '123142.00', NULL),
(145, 123, 20, 15, 61, 1, '15000.00', NULL),
(146, 123, 13, 14, 61, 1, '15000.00', NULL),
(147, 123, 17, 15, 61, 1, '80000.00', NULL),
(148, 123, 15, 15, 61, 4, '80000.00', NULL),
(149, 124, 14, 13, 63, 1, '123142.00', NULL),
(150, 125, 14, 13, 61, 1, '123142.00', NULL),
(151, 126, 15, 15, 61, 8, '80000.00', NULL);

-- --------------------------------------------------------

--
-- Estructura de tabla para la tabla `orders`
--

CREATE TABLE `orders` (
  `order_id` int(11) NOT NULL,
  `table_number` int(11) DEFAULT NULL,
  `order_date` date DEFAULT NULL,
  `status` enum('Pending','Preparing','Ready','Served','Paid','Cancelled','Completed') NOT NULL DEFAULT 'Pending',
  `total_price` int(11) NOT NULL,
  `special_instructions` text,
  `for_takeout` tinyint(1) NOT NULL DEFAULT '0',
  `method_payment` varchar(256) NOT NULL,
  `client_id` int(11) NOT NULL,
  `created_at` timestamp NOT NULL DEFAULT CURRENT_TIMESTAMP,
  `updated_at` timestamp NOT NULL DEFAULT CURRENT_TIMESTAMP ON UPDATE CURRENT_TIMESTAMP
) ENGINE=InnoDB DEFAULT CHARSET=utf8;

--
-- Volcado de datos para la tabla `orders`
--

INSERT INTO `orders` (`order_id`, `table_number`, `order_date`, `status`, `total_price`, `special_instructions`, `for_takeout`, `method_payment`, `client_id`, `created_at`, `updated_at`) VALUES
(97, 5, '2024-01-03', 'Completed', 800000, 'Sin sal', 0, 'Transferencia', 46, '2023-09-24 22:53:59', '2024-01-06 17:15:38'),
(98, 5, '2024-01-06', 'Completed', 200000, 'Sin sal', 1, 'Efectivo', 48, '2023-09-24 22:54:38', '2024-01-08 02:24:08'),
(99, 5, '2023-09-24', 'Completed', 15000, 'Sin sal', 0, 'Transferencia', 49, '2023-09-24 23:04:37', '2023-09-27 00:43:19'),
(100, 5, '2023-09-25', 'Completed', 138142, 'Sin sal', 0, 'Efectivo', 55, '2023-09-25 03:12:48', '2023-09-27 00:18:28'),
(101, 5, '2023-09-25', 'Completed', 1200000, 'Sin sal', 1, 'Debito', 56, '2023-09-25 03:29:27', '2023-09-25 04:12:59'),
(102, 5, '2023-09-25', 'Completed', 30000, 'Sin sal', 0, 'Transferencia', 57, '2023-09-25 03:42:19', '2023-09-25 03:59:00'),
(103, 5, '2023-09-25', 'Completed', 135000, 'Sin sal', 0, 'Transferencia', 58, '2023-09-25 03:57:36', '2023-09-25 03:58:40'),
(104, 5, '2023-09-25', 'Completed', 105000, 'Sin sal', 1, 'Transferencia', 59, '2023-09-25 23:44:32', '2023-09-26 00:04:48'),
(105, 5, '2023-09-26', 'Completed', 246284, 'Sin sal', 1, 'Debito', 60, '2023-09-26 02:01:18', '2023-09-26 23:05:32'),
(106, 5, '2023-09-26', 'Completed', 105000, 'Sin sal', 1, 'Debito', 61, '2023-09-26 23:07:45', '2023-09-26 23:24:08'),
(107, 5, '2023-09-29', 'Cancelled', 1120000, 'Sin sal', 1, 'Efectivo', 62, '2023-09-29 00:18:05', '2023-09-29 22:15:50'),
(108, 5, '2023-09-29', 'Completed', 1040000, 'Sin sal', 1, 'Debito', 63, '2023-09-29 22:17:09', '2024-01-06 01:43:59'),
(109, 5, '2023-09-30', 'Completed', 246284, 'Sin sal', 1, 'Efectivo', 64, '2023-09-30 18:00:13', '2024-01-06 01:43:59'),
(110, 5, '2023-12-02', 'Cancelled', 170000, 'Sin sal', 1, 'Debito', 65, '2023-12-02 23:02:04', '2023-12-02 23:02:35'),
(111, 5, '2024-01-04', 'Completed', 946284, 'Sin sal', 0, 'Transferencia', 66, '2024-01-04 00:08:26', '2024-01-06 02:48:50'),
(112, 5, '2024-01-07', 'Cancelled', 160000, 'Sin sal', 0, 'Debito', 74, '2024-01-07 15:09:44', '2024-01-07 15:57:56'),
(113, 5, '2024-01-07', 'Completed', 519426, 'Sin sal', 0, 'Debito', 75, '2024-01-07 16:21:17', '2024-01-07 17:07:53'),
(114, 5, '2024-01-07', 'Completed', 650000, 'Sin sal', 0, 'Debito', 76, '2024-01-07 18:08:21', '2024-01-07 18:23:20'),
(115, 5, '2024-01-07', 'Cancelled', 298142, 'Sin sal', 0, 'Debito', 77, '2024-01-07 18:41:42', '2024-01-07 19:14:57'),
(116, 5, '2024-01-07', 'Completed', 328142, 'Sin sal', 0, 'Debito', 78, '2024-01-07 19:12:28', '2024-01-07 19:24:56'),
(117, 5, '2024-01-07', 'Completed', 190000, 'Sin sal', 0, 'Debito', 79, '2024-01-07 20:30:16', '2024-01-08 02:00:37'),
(118, 5, '2024-01-07', 'Cancelled', 483142, 'Sin sal', 0, 'Debito', 80, '2024-01-07 20:33:23', '2024-01-07 20:41:08'),
(119, 5, '2024-01-08', 'Completed', 123142, 'Sin sal', 0, 'Debito', 81, '2024-01-08 01:20:22', '2024-01-08 02:00:37'),
(120, 5, '2024-01-08', 'Completed', 0, 'Sin sal', 0, 'Debito', 82, '2024-01-08 02:19:43', '2024-01-08 05:49:07'),
(121, 5, '2024-01-10', 'Cancelled', 15000, 'Sin sal', 0, 'Debito', 87, '2024-01-10 20:12:34', '2024-01-10 20:24:22'),
(122, 5, '2024-01-11', 'Completed', 1111, 'Sin sal', 0, 'Debito', 88, '2024-01-11 00:44:23', '2024-01-11 04:52:39'),
(123, 5, '2024-01-11', 'Completed', 430000, 'Sin sal', 0, 'Debito', 89, '2024-01-11 01:30:28', '2024-01-11 02:06:30'),
(124, 5, '2024-01-11', 'Completed', 123142, 'Sin sal', 0, 'Debito', 90, '2024-01-11 02:22:20', '2024-01-11 04:51:49'),
(125, 5, '2024-01-11', 'Served', 123142, 'Sin sal', 0, 'Debito', 91, '2024-01-11 04:53:55', '2024-01-11 23:32:45'),
(126, 5, '2024-01-11', 'Ready', 640000, 'Sin sal', 0, 'Debito', 92, '2024-01-11 23:33:07', '2024-01-11 23:33:23');

-- --------------------------------------------------------

--
-- Estructura de tabla para la tabla `usuarios`
--

CREATE TABLE `usuarios` (
  `id` int(11) NOT NULL,
  `nombre` varchar(100) DEFAULT NULL,
  `apellido` varchar(100) DEFAULT NULL,
  `email` varchar(255) NOT NULL,
  `hashedPassword` varchar(255) DEFAULT NULL,
  `salt` varchar(255) DEFAULT NULL,
  `fecha_creacion` timestamp NOT NULL DEFAULT CURRENT_TIMESTAMP,
  `fecha_actualizacion` timestamp NOT NULL DEFAULT CURRENT_TIMESTAMP ON UPDATE CURRENT_TIMESTAMP,
  `rol` enum('USER','ADMIN') DEFAULT 'USER',
  `status` enum('ACTIVE','INACTIVE') DEFAULT 'ACTIVE'
) ENGINE=InnoDB DEFAULT CHARSET=utf8;

--
-- Volcado de datos para la tabla `usuarios`
--

INSERT INTO `usuarios` (`id`, `nombre`, `apellido`, `email`, `hashedPassword`, `salt`, `fecha_creacion`, `fecha_actualizacion`, `rol`, `status`) VALUES
(61, 'Josbert', NULL, 'topisima@topisima.com', '$2b$10$FMD18PXTrUgb7qm8CG.cmebhyRF8NMM72fdGVzBn.E318SiIdGyk6', NULL, '2024-01-05 03:53:35', '2024-01-05 03:53:35', 'USER', 'ACTIVE'),
(62, 'jos', NULL, 'jos@gmail.cl', '$2b$10$ro7SqThltRJRmHL88/50WOPT5AC.nDNe1rrmKgOHqKADrCjJlehTO', NULL, '2024-01-05 03:54:02', '2024-01-05 03:54:02', 'USER', 'ACTIVE'),
(63, 'Keiber1', NULL, 'joheandroid@gmail.com', '$2b$10$su/xYsUKMkR8tDllJNEU4.aPf478R0xinvrtFbK/gk.wQMdqIkaLK', NULL, '2024-01-11 02:21:51', '2024-01-11 04:53:09', 'USER', 'ACTIVE');

--
-- Índices para tablas volcadas
--

--
-- Indices de la tabla `cart_items`
--
ALTER TABLE `cart_items`
  ADD PRIMARY KEY (`cart_item_id`),
  ADD KEY `cart_id` (`cart_id`),
  ADD KEY `menu_id` (`menu_id`);

--
-- Indices de la tabla `categorias`
--
ALTER TABLE `categorias`
  ADD PRIMARY KEY (`id`);

--
-- Indices de la tabla `clientes`
--
ALTER TABLE `clientes`
  ADD PRIMARY KEY (`id`);

--
-- Indices de la tabla `employee`
--
ALTER TABLE `employee`
  ADD PRIMARY KEY (`id`);

--
-- Indices de la tabla `menus`
--
ALTER TABLE `menus`
  ADD PRIMARY KEY (`id`);

--
-- Indices de la tabla `menu_carts`
--
ALTER TABLE `menu_carts`
  ADD PRIMARY KEY (`cart_id`),
  ADD KEY `usuario_id` (`usuario_id`);

--
-- Indices de la tabla `orderdetails`
--
ALTER TABLE `orderdetails`
  ADD PRIMARY KEY (`order_detail_id`),
  ADD KEY `order_id` (`order_id`),
  ADD KEY `menu_id` (`menu_id`);

--
-- Indices de la tabla `orders`
--
ALTER TABLE `orders`
  ADD PRIMARY KEY (`order_id`);

--
-- Indices de la tabla `usuarios`
--
ALTER TABLE `usuarios`
  ADD PRIMARY KEY (`id`),
  ADD UNIQUE KEY `email` (`email`);

--
-- AUTO_INCREMENT de las tablas volcadas
--

--
-- AUTO_INCREMENT de la tabla `cart_items`
--
ALTER TABLE `cart_items`
  MODIFY `cart_item_id` int(11) NOT NULL AUTO_INCREMENT, AUTO_INCREMENT=389;

--
-- AUTO_INCREMENT de la tabla `categorias`
--
ALTER TABLE `categorias`
  MODIFY `id` int(11) NOT NULL AUTO_INCREMENT, AUTO_INCREMENT=31;

--
-- AUTO_INCREMENT de la tabla `clientes`
--
ALTER TABLE `clientes`
  MODIFY `id` int(11) NOT NULL AUTO_INCREMENT, AUTO_INCREMENT=93;

--
-- AUTO_INCREMENT de la tabla `employee`
--
ALTER TABLE `employee`
  MODIFY `id` int(11) NOT NULL AUTO_INCREMENT, AUTO_INCREMENT=4;

--
-- AUTO_INCREMENT de la tabla `menus`
--
ALTER TABLE `menus`
  MODIFY `id` int(11) NOT NULL AUTO_INCREMENT, AUTO_INCREMENT=21;

--
-- AUTO_INCREMENT de la tabla `menu_carts`
--
ALTER TABLE `menu_carts`
  MODIFY `cart_id` int(11) NOT NULL AUTO_INCREMENT, AUTO_INCREMENT=14;

--
-- AUTO_INCREMENT de la tabla `orderdetails`
--
ALTER TABLE `orderdetails`
  MODIFY `order_detail_id` int(11) NOT NULL AUTO_INCREMENT, AUTO_INCREMENT=152;

--
-- AUTO_INCREMENT de la tabla `orders`
--
ALTER TABLE `orders`
  MODIFY `order_id` int(11) NOT NULL AUTO_INCREMENT, AUTO_INCREMENT=127;

--
-- AUTO_INCREMENT de la tabla `usuarios`
--
ALTER TABLE `usuarios`
  MODIFY `id` int(11) NOT NULL AUTO_INCREMENT, AUTO_INCREMENT=64;

--
-- Restricciones para tablas volcadas
--

--
-- Filtros para la tabla `cart_items`
--
ALTER TABLE `cart_items`
  ADD CONSTRAINT `cart_items_ibfk_1` FOREIGN KEY (`cart_id`) REFERENCES `menu_carts` (`cart_id`) ON DELETE CASCADE,
  ADD CONSTRAINT `cart_items_ibfk_2` FOREIGN KEY (`menu_id`) REFERENCES `menus` (`id`) ON DELETE CASCADE;

--
-- Filtros para la tabla `menu_carts`
--
ALTER TABLE `menu_carts`
  ADD CONSTRAINT `menu_carts_ibfk_1` FOREIGN KEY (`usuario_id`) REFERENCES `usuarios` (`id`) ON DELETE CASCADE;

--
-- Filtros para la tabla `orderdetails`
--
ALTER TABLE `orderdetails`
  ADD CONSTRAINT `orderdetails_ibfk_1` FOREIGN KEY (`order_id`) REFERENCES `orders` (`order_id`),
  ADD CONSTRAINT `orderdetails_ibfk_2` FOREIGN KEY (`menu_id`) REFERENCES `menus` (`id`);
COMMIT;

/*!40101 SET CHARACTER_SET_CLIENT=@OLD_CHARACTER_SET_CLIENT */;
/*!40101 SET CHARACTER_SET_RESULTS=@OLD_CHARACTER_SET_RESULTS */;
/*!40101 SET COLLATION_CONNECTION=@OLD_COLLATION_CONNECTION */;
